{
  "1": 0.339305,
  "2": 0.327076,
  "3": 0.314033,
  "4": 0.298426,
  "5": 0.279608,
  "6": 0.257287,
  "7": 0.232081,
  "8": 0.20583,
  "9": 0.181915,
  "10": 0.16484
}